日付,摘要,摘要内容,支払い金額,預かり金額,差引残高,メモ,未資金化区分,入払区分
2026/9/1,振込,ｶ)ｻﾝﾌﾟﾙｼｮｳｼﾞ,,"67,960","1,267,960",,,入金
2026/9/2,口座振替,ﾄｳｷｮｳﾃﾞﾝﾘｮｸ,"18,420",,"1,249,540",,,出金
2026/9/3,ATM,ｶｽﾐｶﾞｾｷｼﾃﾝ,"50,000",,"1,199,540",,,出金
2026/9/3,手数料,ATMﾃｽｳﾘｮｳ,"220",,"1,199,320",,,出金
2026/9/5,振込,ﾃｽﾄﾀﾛｳ,"14,770",,"1,184,550",立替精算,,出金
2026/9/10,振込,"ﾔﾏﾀﾞﾃﾞｻﾞｲﾝｼﾞﾑｼｮ,ｶﾞﾂﾌﾞﾝ","88,000",,"1,096,550",,,出金
2026/9/15,カード,ﾗｸﾃﾝｶｰﾄﾞ,"169,780",,"926,770",,,出金
2026/9/25,振込,ｷｭｳﾖ ﾃｽﾄﾀﾛｳ,"247,690",,"679,080",,,出金
2026/9/30,振込,ｶ)ﾃｽﾄｺｳｷﾞｮｳ,,"330,000","1,009,080",,,入金
