利用日,利用店名・商品名,利用者,支払方法,利用金額,支払手数料,支払総額,9月支払金額,10月繰越残高,11月以降繰越残高,新規サイン
2026/08/02,ｻﾝﾌﾟﾙﾃﾞﾝｷ ｶｽﾐｶﾞｾｷﾃﾝ,本人,3回払い,"150,000",0,"150,000","50,000","50,000","50,000",
2026/08/06,AMAZON.CO.JP,本人,1回払い,"9,780",0,"9,780","9,780",0,0,
2026/08/07,ｻﾝﾌﾟﾙﾓﾊﾞｲﾙ ﾂｳｼﾝﾘｮｳ,本人,1回払い,"8,250",0,"8,250","8,250",0,0,
2026/08/09,"SAMPLE CLOUD INC, SAN FRANCISCO",本人,1回払い,"7,350",0,"7,350","7,350",0,0,*
2026/08/11,ﾃｯﾊﾟﾝﾔｷｻﾝﾌﾟﾙ,本人,1回払い,"38,000",0,"38,000","38,000",0,0,
2026/08/15,ｻﾝﾌﾟﾙｸﾗｳﾄﾞ ﾈﾝｶﾞｸﾌﾟﾗﾝ,本人,1回払い,"39,600",0,"39,600","39,600",0,0,*
2026/08/18,ETC ｼｭﾄｺｳｿｸﾄﾞｳﾛ,家族,1回払い,"2,400",0,"2,400","2,400",0,0,
2026/08/20,ｻﾝﾌﾟﾙｾｷﾕ ｾﾙﾌｶｽﾐｶﾞｾｷSS,本人,1回払い,"11,200",0,"11,200","11,200",0,0,
2026/08/22,ｻﾝﾌﾟﾙﾀｸｼｰ,本人,1回払い,"3,200",0,"3,200","3,200",0,0,
